CAT;GRUPOS
A00;Doenças infecciosas e parasitárias
A01;Doenças infecciosas e parasitárias
A02;Doenças infecciosas e parasitárias
A03;Doenças infecciosas e parasitárias
A04;Doenças infecciosas e parasitárias
A05;Doenças infecciosas e parasitárias
A06;Doenças infecciosas e parasitárias
A07;Doenças infecciosas e parasitárias
A08;Doenças infecciosas e parasitárias
A09;Doenças infecciosas e parasitárias
A15;Doenças infecciosas e parasitárias
A16;Doenças infecciosas e parasitárias
A17;Doenças infecciosas e parasitárias
A18;Doenças infecciosas e parasitárias
A19;Doenças infecciosas e parasitárias
A20;Doenças infecciosas e parasitárias
A21;Doenças infecciosas e parasitárias
A22;Doenças infecciosas e parasitárias
A23;Doenças infecciosas e parasitárias
A24;Doenças infecciosas e parasitárias
A25;Doenças infecciosas e parasitárias
A26;Doenças infecciosas e parasitárias
A27;Doenças infecciosas e parasitárias
A28;Doenças infecciosas e parasitárias
A30;Doenças infecciosas e parasitárias
A31;Doenças infecciosas e parasitárias
A32;Doenças infecciosas e parasitárias
A33;Doenças infecciosas e parasitárias
A34;Doenças infecciosas e parasitárias
A35;Doenças infecciosas e parasitárias
A36;Doenças infecciosas e parasitárias
A37;Doenças infecciosas e parasitárias
A38;Doenças infecciosas e parasitárias
A39;Doenças infecciosas e parasitárias
A40;Doenças infecciosas e parasitárias
A41;Doenças infecciosas e parasitárias
A42;Doenças infecciosas e parasitárias
A43;Doenças infecciosas e parasitárias
A44;Doenças infecciosas e parasitárias
A46;Doenças infecciosas e parasitárias
A48;Doenças infecciosas e parasitárias
A49;Doenças infecciosas e parasitárias
A50;Doenças infecciosas e parasitárias
A51;Doenças infecciosas e parasitárias
A52;Doenças infecciosas e parasitárias
A53;Doenças infecciosas e parasitárias
A54;Doenças infecciosas e parasitárias
A55;Doenças infecciosas e parasitárias
A56;Doenças infecciosas e parasitárias
A57;Doenças infecciosas e parasitárias
A58;Doenças infecciosas e parasitárias
A59;Doenças infecciosas e parasitárias
A60;Doenças infecciosas e parasitárias
A63;Doenças infecciosas e parasitárias
A64;Doenças infecciosas e parasitárias
A65;Doenças infecciosas e parasitárias
A66;Doenças infecciosas e parasitárias
A67;Doenças infecciosas e parasitárias
A68;Doenças infecciosas e parasitárias
A69;Doenças infecciosas e parasitárias
A70;Doenças infecciosas e parasitárias
A71;Doenças infecciosas e parasitárias
A74;Doenças infecciosas e parasitárias
A75;Doenças infecciosas e parasitárias
A77;Doenças infecciosas e parasitárias
A78;Doenças infecciosas e parasitárias
A79;Doenças infecciosas e parasitárias
A80;Doenças infecciosas e parasitárias
A81;Doenças infecciosas e parasitárias
A82;Doenças infecciosas e parasitárias
A83;Doenças infecciosas e parasitárias
A84;Doenças infecciosas e parasitárias
A85;Doenças infecciosas e parasitárias
A86;Doenças infecciosas e parasitárias
A87;Doenças infecciosas e parasitárias
A88;Doenças infecciosas e parasitárias
A89;Doenças infecciosas e parasitárias
A90;Doenças infecciosas e parasitárias
A91;Doenças infecciosas e parasitárias
A92;Doenças infecciosas e parasitárias
A93;Doenças infecciosas e parasitárias
A94;Doenças infecciosas e parasitárias
A95;Doenças infecciosas e parasitárias
A96;Doenças infecciosas e parasitárias
A98;Doenças infecciosas e parasitárias
A99;Doenças infecciosas e parasitárias
B00;Doenças infecciosas e parasitárias
B01;Doenças infecciosas e parasitárias
B02;Doenças infecciosas e parasitárias
B03;Doenças infecciosas e parasitárias
B04;Doenças infecciosas e parasitárias
B05;Doenças infecciosas e parasitárias
B06;Doenças infecciosas e parasitárias
B07;Doenças infecciosas e parasitárias
B08;Doenças infecciosas e parasitárias
B09;Doenças infecciosas e parasitárias
B15;Doenças infecciosas e parasitárias
B16;Doenças infecciosas e parasitárias
B17;Doenças infecciosas e parasitárias
B18;Doenças infecciosas e parasitárias
B19;Doenças infecciosas e parasitárias
B20;Doenças infecciosas e parasitárias
B21;Doenças infecciosas e parasitárias
B22;Doenças infecciosas e parasitárias
B23;Doenças infecciosas e parasitárias
B24;Doenças infecciosas e parasitárias
B25;Doenças infecciosas e parasitárias
B26;Doenças infecciosas e parasitárias
B27;Doenças infecciosas e parasitárias
B30;Doenças infecciosas e parasitárias
B33;Doenças infecciosas e parasitárias
B34;Doenças infecciosas e parasitárias
B35;Doenças infecciosas e parasitárias
B36;Doenças infecciosas e parasitárias
B37;Doenças infecciosas e parasitárias
B38;Doenças infecciosas e parasitárias
B39;Doenças infecciosas e parasitárias
B40;Doenças infecciosas e parasitárias
B41;Doenças infecciosas e parasitárias
B42;Doenças infecciosas e parasitárias
B43;Doenças infecciosas e parasitárias
B44;Doenças infecciosas e parasitárias
B45;Doenças infecciosas e parasitárias
B46;Doenças infecciosas e parasitárias
B47;Doenças infecciosas e parasitárias
B48;Doenças infecciosas e parasitárias
B49;Doenças infecciosas e parasitárias
B50;Doenças infecciosas e parasitárias
B51;Doenças infecciosas e parasitárias
B52;Doenças infecciosas e parasitárias
B53;Doenças infecciosas e parasitárias
B54;Doenças infecciosas e parasitárias
B55;Doenças infecciosas e parasitárias
B56;Doenças infecciosas e parasitárias
B57;Doenças infecciosas e parasitárias
B58;Doenças infecciosas e parasitárias
B59;Doenças infecciosas e parasitárias
B60;Doenças infecciosas e parasitárias
B64;Doenças infecciosas e parasitárias
B65;Doenças infecciosas e parasitárias
B66;Doenças infecciosas e parasitárias
B67;Doenças infecciosas e parasitárias
B68;Doenças infecciosas e parasitárias
B69;Doenças infecciosas e parasitárias
B70;Doenças infecciosas e parasitárias
B71;Doenças infecciosas e parasitárias
B72;Doenças infecciosas e parasitárias
B73;Doenças infecciosas e parasitárias
B74;Doenças infecciosas e parasitárias
B75;Doenças infecciosas e parasitárias
B76;Doenças infecciosas e parasitárias
B77;Doenças infecciosas e parasitárias
B78;Doenças infecciosas e parasitárias
B79;Doenças infecciosas e parasitárias
B80;Doenças infecciosas e parasitárias
B81;Doenças infecciosas e parasitárias
B82;Doenças infecciosas e parasitárias
B83;Doenças infecciosas e parasitárias
B85;Doenças infecciosas e parasitárias
B86;Doenças infecciosas e parasitárias
B87;Doenças infecciosas e parasitárias
B88;Doenças infecciosas e parasitárias
B89;Doenças infecciosas e parasitárias
B90;Doenças infecciosas e parasitárias
B91;Doenças infecciosas e parasitárias
B92;Doenças infecciosas e parasitárias
B94;Doenças infecciosas e parasitárias
B95;Doenças infecciosas e parasitárias
B96;Doenças infecciosas e parasitárias
B97;Doenças infecciosas e parasitárias
B99;Doenças infecciosas e parasitárias
C00;Neoplasias
C01;Neoplasias
C02;Neoplasias
C03;Neoplasias
C04;Neoplasias
C05;Neoplasias
C06;Neoplasias
C07;Neoplasias
C08;Neoplasias
C09;Neoplasias
C10;Neoplasias
C11;Neoplasias
C12;Neoplasias
C13;Neoplasias
C14;Neoplasias
C15;Neoplasias
C16;Neoplasias
C17;Neoplasias
C18;Neoplasias
C19;Neoplasias
C20;Neoplasias
C21;Neoplasias
C22;Neoplasias
C23;Neoplasias
C24;Neoplasias
C25;Neoplasias
C26;Neoplasias
C30;Neoplasias
C31;Neoplasias
C32;Neoplasias
C33;Neoplasias
C34;Neoplasias
C37;Neoplasias
C38;Neoplasias
C39;Neoplasias
C40;Neoplasias
C41;Neoplasias
C43;Neoplasias
C44;Neoplasias
C45;Neoplasias
C46;Neoplasias
C47;Neoplasias
C48;Neoplasias
C49;Neoplasias
C50;Neoplasias
C51;Neoplasias
C52;Neoplasias
C53;Neoplasias
C54;Neoplasias
C55;Neoplasias
C56;Neoplasias
C57;Neoplasias
C58;Neoplasias
C60;Neoplasias
C61;Neoplasias
C62;Neoplasias
C63;Neoplasias
C64;Neoplasias
C65;Neoplasias
C66;Neoplasias
C67;Neoplasias
C68;Neoplasias
C69;Neoplasias
C70;Neoplasias
C71;Neoplasias
C72;Neoplasias
C73;Neoplasias
C74;Neoplasias
C75;Neoplasias
C76;Neoplasias
C77;Neoplasias
C78;Neoplasias
C79;Neoplasias
C80;Neoplasias
C81;Neoplasias
C82;Neoplasias
C83;Neoplasias
C84;Neoplasias
C85;Neoplasias
C88;Neoplasias
C90;Neoplasias
C91;Neoplasias
C92;Neoplasias
C93;Neoplasias
C94;Neoplasias
C95;Neoplasias
C96;Neoplasias
C97;Neoplasias
D00;Neoplasias
D01;Neoplasias
D02;Neoplasias
D03;Neoplasias
D04;Neoplasias
D05;Neoplasias
D06;Neoplasias
D07;Neoplasias
D09;Neoplasias
D10;Neoplasias
D11;Neoplasias
D12;Neoplasias
D13;Neoplasias
D14;Neoplasias
D15;Neoplasias
D16;Neoplasias
D17;Neoplasias
D18;Neoplasias
D19;Neoplasias
D20;Neoplasias
D21;Neoplasias
D22;Neoplasias
D23;Neoplasias
D24;Neoplasias
D25;Neoplasias
D26;Neoplasias
D27;Neoplasias
D28;Neoplasias
D29;Neoplasias
D30;Neoplasias
D31;Neoplasias
D32;Neoplasias
D33;Neoplasias
D34;Neoplasias
D35;Neoplasias
D36;Neoplasias
D37;Neoplasias
D38;Neoplasias
D39;Neoplasias
D40;Neoplasias
D41;Neoplasias
D42;Neoplasias
D43;Neoplasias
D44;Neoplasias
D45;Neoplasias
D46;Neoplasias
D47;Neoplasias
D48;Neoplasias
D50;Outros grupos
D51;Outros grupos
D52;Outros grupos
D53;Outros grupos
D55;Outros grupos
D56;Outros grupos
D57;Outros grupos
D58;Outros grupos
D59;Outros grupos
D60;Outros grupos
D61;Outros grupos
D62;Outros grupos
D63;Outros grupos
D64;Outros grupos
D65;Outros grupos
D66;Outros grupos
D67;Outros grupos
D68;Outros grupos
D69;Outros grupos
D70;Outros grupos
D71;Outros grupos
D72;Outros grupos
D73;Outros grupos
D74;Outros grupos
D75;Outros grupos
D76;Outros grupos
D77;Outros grupos
D80;Outros grupos
D81;Outros grupos
D82;Outros grupos
D83;Outros grupos
D84;Outros grupos
D86;Outros grupos
D89;Outros grupos
E00;Outros grupos
E01;Outros grupos
E02;Outros grupos
E03;Outros grupos
E04;Outros grupos
E05;Outros grupos
E06;Outros grupos
E07;Outros grupos
E10;Outros grupos
E11;Outros grupos
E12;Outros grupos
E13;Outros grupos
E14;Outros grupos
E15;Outros grupos
E16;Outros grupos
E20;Outros grupos
E21;Outros grupos
E22;Outros grupos
E23;Outros grupos
E24;Outros grupos
E25;Outros grupos
E26;Outros grupos
E27;Outros grupos
E28;Outros grupos
E29;Outros grupos
E30;Outros grupos
E31;Outros grupos
E32;Outros grupos
E34;Outros grupos
E35;Outros grupos
E40;Outros grupos
E41;Outros grupos
E42;Outros grupos
E43;Outros grupos
E44;Outros grupos
E45;Outros grupos
E46;Outros grupos
E50;Outros grupos
E51;Outros grupos
E52;Outros grupos
E53;Outros grupos
E54;Outros grupos
E55;Outros grupos
E56;Outros grupos
E58;Outros grupos
E59;Outros grupos
E60;Outros grupos
E61;Outros grupos
E63;Outros grupos
E64;Outros grupos
E65;Outros grupos
E66;Outros grupos
E67;Outros grupos
E68;Outros grupos
E70;Outros grupos
E71;Outros grupos
E72;Outros grupos
E73;Outros grupos
E74;Outros grupos
E75;Outros grupos
E76;Outros grupos
E77;Outros grupos
E78;Outros grupos
E79;Outros grupos
E80;Outros grupos
E83;Outros grupos
E84;Outros grupos
E85;Outros grupos
E86;Outros grupos
E87;Outros grupos
E88;Outros grupos
E89;Outros grupos
E90;Outros grupos
F00;Outros grupos
F01;Outros grupos
F02;Outros grupos
F03;Outros grupos
F04;Outros grupos
F05;Outros grupos
F06;Outros grupos
F07;Outros grupos
F09;Outros grupos
F10;Outros grupos
F11;Outros grupos
F12;Outros grupos
F13;Outros grupos
F14;Outros grupos
F15;Outros grupos
F16;Outros grupos
F17;Outros grupos
F18;Outros grupos
F19;Outros grupos
F20;Outros grupos
F21;Outros grupos
F22;Outros grupos
F23;Outros grupos
F24;Outros grupos
F25;Outros grupos
F28;Outros grupos
F29;Outros grupos
F30;Outros grupos
F31;Outros grupos
F32;Outros grupos
F33;Outros grupos
F34;Outros grupos
F38;Outros grupos
F39;Outros grupos
F40;Outros grupos
F41;Outros grupos
F42;Outros grupos
F43;Outros grupos
F44;Outros grupos
F45;Outros grupos
F48;Outros grupos
F50;Outros grupos
F51;Outros grupos
F52;Outros grupos
F53;Causas Maternas
F54;Outros grupos
F55;Outros grupos
F59;Outros grupos
F60;Outros grupos
F61;Outros grupos
F62;Outros grupos
F63;Outros grupos
F64;Outros grupos
F65;Outros grupos
F66;Outros grupos
F68;Outros grupos
F69;Outros grupos
F70;Outros grupos
F71;Outros grupos
F72;Outros grupos
F73;Outros grupos
F78;Outros grupos
F79;Outros grupos
F80;Outros grupos
F81;Outros grupos
F82;Outros grupos
F83;Outros grupos
F84;Outros grupos
F88;Outros grupos
F89;Outros grupos
F90;Outros grupos
F91;Outros grupos
F92;Outros grupos
F93;Outros grupos
F94;Outros grupos
F95;Outros grupos
F98;Outros grupos
F99;Outros grupos
G00;Outros grupos
G01;Outros grupos
G02;Outros grupos
G03;Outros grupos
G04;Outros grupos
G05;Outros grupos
G06;Outros grupos
G07;Outros grupos
G08;Outros grupos
G09;Outros grupos
G10;Outros grupos
G11;Outros grupos
G12;Outros grupos
G13;Outros grupos
G20;Outros grupos
G21;Outros grupos
G22;Outros grupos
G23;Outros grupos
G24;Outros grupos
G25;Outros grupos
G26;Outros grupos
G30;Outros grupos
G31;Outros grupos
G32;Outros grupos
G35;Outros grupos
G36;Outros grupos
G37;Outros grupos
G40;Outros grupos
G41;Outros grupos
G43;Outros grupos
G44;Outros grupos
G45;Outros grupos
G46;Outros grupos
G47;Outros grupos
G50;Outros grupos
G51;Outros grupos
G52;Outros grupos
G53;Outros grupos
G54;Outros grupos
G55;Outros grupos
G56;Outros grupos
G57;Outros grupos
G58;Outros grupos
G59;Outros grupos
G60;Outros grupos
G61;Outros grupos
G62;Outros grupos
G63;Outros grupos
G64;Outros grupos
G70;Outros grupos
G71;Outros grupos
G72;Outros grupos
G73;Outros grupos
G80;Outros grupos
G81;Outros grupos
G82;Outros grupos
G83;Outros grupos
G90;Outros grupos
G91;Outros grupos
G92;Outros grupos
G93;Outros grupos
G94;Outros grupos
G95;Outros grupos
G96;Outros grupos
G97;Outros grupos
G98;Outros grupos
G99;Outros grupos
H00;Outros grupos
H01;Outros grupos
H02;Outros grupos
H03;Outros grupos
H04;Outros grupos
H05;Outros grupos
H06;Outros grupos
H10;Outros grupos
H11;Outros grupos
H13;Outros grupos
H15;Outros grupos
H16;Outros grupos
H17;Outros grupos
H18;Outros grupos
H19;Outros grupos
H20;Outros grupos
H21;Outros grupos
H22;Outros grupos
H25;Outros grupos
H26;Outros grupos
H27;Outros grupos
H28;Outros grupos
H30;Outros grupos
H31;Outros grupos
H32;Outros grupos
H33;Outros grupos
H34;Outros grupos
H35;Outros grupos
H36;Outros grupos
H40;Outros grupos
H42;Outros grupos
H43;Outros grupos
H44;Outros grupos
H45;Outros grupos
H46;Outros grupos
H47;Outros grupos
H48;Outros grupos
H49;Outros grupos
H50;Outros grupos
H51;Outros grupos
H52;Outros grupos
H53;Outros grupos
H54;Outros grupos
H55;Outros grupos
H57;Outros grupos
H58;Outros grupos
H59;Outros grupos
H60;Outros grupos
H61;Outros grupos
H62;Outros grupos
H65;Outros grupos
H66;Outros grupos
H67;Outros grupos
H68;Outros grupos
H69;Outros grupos
H70;Outros grupos
H71;Outros grupos
H72;Outros grupos
H73;Outros grupos
H74;Outros grupos
H75;Outros grupos
H80;Outros grupos
H81;Outros grupos
H82;Outros grupos
H83;Outros grupos
H90;Outros grupos
H91;Outros grupos
H92;Outros grupos
H93;Outros grupos
H94;Outros grupos
H95;Outros grupos
I00;Doenças do aparelho circulatório
I01;Doenças do aparelho circulatório
I02;Doenças do aparelho circulatório
I05;Doenças do aparelho circulatório
I06;Doenças do aparelho circulatório
I07;Doenças do aparelho circulatório
I08;Doenças do aparelho circulatório
I09;Doenças do aparelho circulatório
I10;Doenças do aparelho circulatório
I11;Doenças do aparelho circulatório
I12;Doenças do aparelho circulatório
I13;Doenças do aparelho circulatório
I15;Doenças do aparelho circulatório
I20;Doenças do aparelho circulatório
I21;Doenças do aparelho circulatório
I22;Doenças do aparelho circulatório
I23;Doenças do aparelho circulatório
I24;Doenças do aparelho circulatório
I25;Doenças do aparelho circulatório
I26;Doenças do aparelho circulatório
I27;Doenças do aparelho circulatório
I28;Doenças do aparelho circulatório
I30;Doenças do aparelho circulatório
I31;Doenças do aparelho circulatório
I32;Doenças do aparelho circulatório
I33;Doenças do aparelho circulatório
I34;Doenças do aparelho circulatório
I35;Doenças do aparelho circulatório
I36;Doenças do aparelho circulatório
I37;Doenças do aparelho circulatório
I38;Doenças do aparelho circulatório
I39;Doenças do aparelho circulatório
I40;Doenças do aparelho circulatório
I41;Doenças do aparelho circulatório
I42;Doenças do aparelho circulatório
I43;Doenças do aparelho circulatório
I44;Doenças do aparelho circulatório
I45;Doenças do aparelho circulatório
I46;Doenças do aparelho circulatório
I47;Doenças do aparelho circulatório
I48;Doenças do aparelho circulatório
I49;Doenças do aparelho circulatório
I50;Doenças do aparelho circulatório
I51;Doenças do aparelho circulatório
I52;Doenças do aparelho circulatório
I60;Doenças do aparelho circulatório
I61;Doenças do aparelho circulatório
I62;Doenças do aparelho circulatório
I63;Doenças do aparelho circulatório
I64;Doenças do aparelho circulatório
I65;Doenças do aparelho circulatório
I66;Doenças do aparelho circulatório
I67;Doenças do aparelho circulatório
I68;Doenças do aparelho circulatório
I69;Doenças do aparelho circulatório
I70;Doenças do aparelho circulatório
I71;Doenças do aparelho circulatório
I72;Doenças do aparelho circulatório
I73;Doenças do aparelho circulatório
I74;Doenças do aparelho circulatório
I77;Doenças do aparelho circulatório
I78;Doenças do aparelho circulatório
I79;Doenças do aparelho circulatório
I80;Doenças do aparelho circulatório
I81;Doenças do aparelho circulatório
I82;Doenças do aparelho circulatório
I83;Doenças do aparelho circulatório
I84;Doenças do aparelho circulatório
I85;Doenças do aparelho circulatório
I86;Doenças do aparelho circulatório
I87;Doenças do aparelho circulatório
I88;Doenças do aparelho circulatório
I89;Doenças do aparelho circulatório
I95;Doenças do aparelho circulatório
I97;Doenças do aparelho circulatório
I98;Doenças do aparelho circulatório
I99;Doenças do aparelho circulatório
J00;Doenças do aparelho respiratório
J01;Doenças do aparelho respiratório
J02;Doenças do aparelho respiratório
J03;Doenças do aparelho respiratório
J04;Doenças do aparelho respiratório
J05;Doenças do aparelho respiratório
J06;Doenças do aparelho respiratório
J09;Doenças do aparelho respiratório
J10;Doenças do aparelho respiratório
J11;Doenças do aparelho respiratório
J12;Doenças do aparelho respiratório
J13;Doenças do aparelho respiratório
J14;Doenças do aparelho respiratório
J15;Doenças do aparelho respiratório
J16;Doenças do aparelho respiratório
J17;Doenças do aparelho respiratório
J18;Doenças do aparelho respiratório
J20;Doenças do aparelho respiratório
J21;Doenças do aparelho respiratório
J22;Doenças do aparelho respiratório
J30;Doenças do aparelho respiratório
J31;Doenças do aparelho respiratório
J32;Doenças do aparelho respiratório
J33;Doenças do aparelho respiratório
J34;Doenças do aparelho respiratório
J35;Doenças do aparelho respiratório
J36;Doenças do aparelho respiratório
J37;Doenças do aparelho respiratório
J38;Doenças do aparelho respiratório
J39;Doenças do aparelho respiratório
J40;Doenças do aparelho respiratório
J41;Doenças do aparelho respiratório
J42;Doenças do aparelho respiratório
J43;Doenças do aparelho respiratório
J44;Doenças do aparelho respiratório
J45;Doenças do aparelho respiratório
J46;Doenças do aparelho respiratório
J47;Doenças do aparelho respiratório
J60;Doenças do aparelho respiratório
J61;Doenças do aparelho respiratório
J62;Doenças do aparelho respiratório
J63;Doenças do aparelho respiratório
J64;Doenças do aparelho respiratório
J65;Doenças do aparelho respiratório
J66;Doenças do aparelho respiratório
J67;Doenças do aparelho respiratório
J68;Doenças do aparelho respiratório
J69;Doenças do aparelho respiratório
J70;Doenças do aparelho respiratório
J80;Doenças do aparelho respiratório
J81;Doenças do aparelho respiratório
J82;Doenças do aparelho respiratório
J84;Doenças do aparelho respiratório
J85;Doenças do aparelho respiratório
J86;Doenças do aparelho respiratório
J90;Doenças do aparelho respiratório
J91;Doenças do aparelho respiratório
J92;Doenças do aparelho respiratório
J93;Doenças do aparelho respiratório
J94;Doenças do aparelho respiratório
J95;Doenças do aparelho respiratório
J96;Doenças do aparelho respiratório
J98;Doenças do aparelho respiratório
J99;Doenças do aparelho respiratório
K00;Outros grupos
K01;Outros grupos
K02;Outros grupos
K03;Outros grupos
K04;Outros grupos
K05;Outros grupos
K06;Outros grupos
K07;Outros grupos
K08;Outros grupos
K09;Outros grupos
K10;Outros grupos
K11;Outros grupos
K12;Outros grupos
K13;Outros grupos
K14;Outros grupos
K20;Outros grupos
K21;Outros grupos
K22;Outros grupos
K23;Outros grupos
K25;Outros grupos
K26;Outros grupos
K27;Outros grupos
K28;Outros grupos
K29;Outros grupos
K30;Outros grupos
K31;Outros grupos
K35;Outros grupos
K36;Outros grupos
K37;Outros grupos
K38;Outros grupos
K40;Outros grupos
K41;Outros grupos
K42;Outros grupos
K43;Outros grupos
K44;Outros grupos
K45;Outros grupos
K46;Outros grupos
K50;Outros grupos
K51;Outros grupos
K52;Outros grupos
K55;Outros grupos
K56;Outros grupos
K57;Outros grupos
K58;Outros grupos
K59;Outros grupos
K60;Outros grupos
K61;Outros grupos
K62;Outros grupos
K63;Outros grupos
K65;Outros grupos
K66;Outros grupos
K67;Outros grupos
K70;Outros grupos
K71;Outros grupos
K72;Outros grupos
K73;Outros grupos
K74;Outros grupos
K75;Outros grupos
K76;Outros grupos
K77;Outros grupos
K80;Outros grupos
K81;Outros grupos
K82;Outros grupos
K83;Outros grupos
K85;Outros grupos
K86;Outros grupos
K87;Outros grupos
K90;Outros grupos
K91;Outros grupos
K92;Outros grupos
K93;Outros grupos
L00;Outros grupos
L01;Outros grupos
L02;Outros grupos
L03;Outros grupos
L04;Outros grupos
L05;Outros grupos
L08;Outros grupos
L10;Outros grupos
L11;Outros grupos
L12;Outros grupos
L13;Outros grupos
L14;Outros grupos
L20;Outros grupos
L21;Outros grupos
L22;Outros grupos
L23;Outros grupos
L24;Outros grupos
L25;Outros grupos
L26;Outros grupos
L27;Outros grupos
L28;Outros grupos
L29;Outros grupos
L30;Outros grupos
L40;Outros grupos
L41;Outros grupos
L42;Outros grupos
L43;Outros grupos
L44;Outros grupos
L45;Outros grupos
L50;Outros grupos
L51;Outros grupos
L52;Outros grupos
L53;Outros grupos
L54;Outros grupos
L55;Outros grupos
L56;Outros grupos
L57;Outros grupos
L58;Outros grupos
L59;Outros grupos
L60;Outros grupos
L62;Outros grupos
L63;Outros grupos
L64;Outros grupos
L65;Outros grupos
L66;Outros grupos
L67;Outros grupos
L68;Outros grupos
L70;Outros grupos
L71;Outros grupos
L72;Outros grupos
L73;Outros grupos
L74;Outros grupos
L75;Outros grupos
L80;Outros grupos
L81;Outros grupos
L82;Outros grupos
L83;Outros grupos
L84;Outros grupos
L85;Outros grupos
L86;Outros grupos
L87;Outros grupos
L88;Outros grupos
L89;Outros grupos
L90;Outros grupos
L91;Outros grupos
L92;Outros grupos
L93;Outros grupos
L94;Outros grupos
L95;Outros grupos
L97;Outros grupos
L98;Outros grupos
L99;Outros grupos
M00;Outros grupos
M01;Outros grupos
M02;Outros grupos
M03;Outros grupos
M05;Outros grupos
M06;Outros grupos
M07;Outros grupos
M08;Outros grupos
M09;Outros grupos
M10;Outros grupos
M11;Outros grupos
M12;Outros grupos
M13;Outros grupos
M14;Outros grupos
M15;Outros grupos
M16;Outros grupos
M17;Outros grupos
M18;Outros grupos
M19;Outros grupos
M20;Outros grupos
M21;Outros grupos
M22;Outros grupos
M23;Outros grupos
M24;Outros grupos
M25;Outros grupos
M30;Outros grupos
M31;Outros grupos
M32;Outros grupos
M33;Outros grupos
M34;Outros grupos
M35;Outros grupos
M36;Outros grupos
M40;Outros grupos
M41;Outros grupos
M42;Outros grupos
M43;Outros grupos
M45;Outros grupos
M46;Outros grupos
M47;Outros grupos
M48;Outros grupos
M49;Outros grupos
M50;Outros grupos
M51;Outros grupos
M53;Outros grupos
M54;Outros grupos
M60;Outros grupos
M61;Outros grupos
M62;Outros grupos
M63;Outros grupos
M65;Outros grupos
M66;Outros grupos
M67;Outros grupos
M68;Outros grupos
M70;Outros grupos
M71;Outros grupos
M72;Outros grupos
M73;Outros grupos
M75;Outros grupos
M76;Outros grupos
M77;Outros grupos
M79;Outros grupos
M80;Outros grupos
M81;Outros grupos
M82;Outros grupos
M83;Outros grupos
M84;Outros grupos
M85;Outros grupos
M86;Outros grupos
M87;Outros grupos
M88;Outros grupos
M89;Outros grupos
M90;Outros grupos
M91;Outros grupos
M92;Outros grupos
M93;Outros grupos
M94;Outros grupos
M95;Outros grupos
M96;Outros grupos
M99;Outros grupos
N00;Outros grupos
N01;Outros grupos
N02;Outros grupos
N03;Outros grupos
N04;Outros grupos
N05;Outros grupos
N06;Outros grupos
N07;Outros grupos
N08;Outros grupos
N10;Outros grupos
N11;Outros grupos
N12;Outros grupos
N13;Outros grupos
N14;Outros grupos
N15;Outros grupos
N16;Outros grupos
N17;Outros grupos
N18;Outros grupos
N19;Outros grupos
N20;Outros grupos
N21;Outros grupos
N22;Outros grupos
N23;Outros grupos
N25;Outros grupos
N26;Outros grupos
N27;Outros grupos
N28;Outros grupos
N29;Outros grupos
N30;Outros grupos
N31;Outros grupos
N32;Outros grupos
N33;Outros grupos
N34;Outros grupos
N35;Outros grupos
N36;Outros grupos
N37;Outros grupos
N39;Outros grupos
N40;Outros grupos
N41;Outros grupos
N42;Outros grupos
N43;Outros grupos
N44;Outros grupos
N45;Outros grupos
N46;Outros grupos
N47;Outros grupos
N48;Outros grupos
N49;Outros grupos
N50;Outros grupos
N51;Outros grupos
N60;Outros grupos
N61;Outros grupos
N62;Outros grupos
N63;Outros grupos
N64;Outros grupos
N70;Outros grupos
N71;Outros grupos
N72;Outros grupos
N73;Outros grupos
N74;Outros grupos
N75;Outros grupos
N76;Outros grupos
N77;Outros grupos
N80;Outros grupos
N81;Outros grupos
N82;Outros grupos
N83;Outros grupos
N84;Outros grupos
N85;Outros grupos
N86;Outros grupos
N87;Outros grupos
N88;Outros grupos
N89;Outros grupos
N90;Outros grupos
N91;Outros grupos
N92;Outros grupos
N93;Outros grupos
N94;Outros grupos
N95;Outros grupos
N96;Outros grupos
N97;Outros grupos
N98;Outros grupos
N99;Outros grupos
O00;Causas Maternas
O01;Causas Maternas
O02;Causas Maternas
O03;Causas Maternas
O04;Causas Maternas
O05;Causas Maternas
O06;Causas Maternas
O07;Causas Maternas
O08;Causas Maternas
O10;Causas Maternas
O11;Causas Maternas
O12;Causas Maternas
O13;Causas Maternas
O14;Causas Maternas
O15;Causas Maternas
O16;Causas Maternas
O20;Causas Maternas
O21;Causas Maternas
O22;Causas Maternas
O23;Causas Maternas
O24;Causas Maternas
O25;Causas Maternas
O26;Causas Maternas
O28;Causas Maternas
O29;Causas Maternas
O30;Causas Maternas
O31;Causas Maternas
O32;Causas Maternas
O33;Causas Maternas
O34;Causas Maternas
O35;Causas Maternas
O36;Causas Maternas
O40;Causas Maternas
O41;Causas Maternas
O42;Causas Maternas
O43;Causas Maternas
O44;Causas Maternas
O45;Causas Maternas
O46;Causas Maternas
O47;Causas Maternas
O48;Causas Maternas
O60;Causas Maternas
O61;Causas Maternas
O62;Causas Maternas
O63;Causas Maternas
O64;Causas Maternas
O65;Causas Maternas
O66;Causas Maternas
O67;Causas Maternas
O68;Causas Maternas
O69;Causas Maternas
O70;Causas Maternas
O71;Causas Maternas
O72;Causas Maternas
O73;Causas Maternas
O74;Causas Maternas
O75;Causas Maternas
O80;Causas Maternas
O81;Causas Maternas
O82;Causas Maternas
O83;Causas Maternas
O84;Causas Maternas
O85;Causas Maternas
O86;Causas Maternas
O87;Causas Maternas
O88;Causas Maternas
O89;Causas Maternas
O90;Causas Maternas
O91;Causas Maternas
O92;Causas Maternas
O94;Causas Maternas
O95;Causas Maternas
O96;Causas Maternas
O97;Causas Maternas
O98;Causas Maternas
O99;Causas Maternas
P00;Algumas afecções originadas no período perinatal
P01;Algumas afecções originadas no período perinatal
P02;Algumas afecções originadas no período perinatal
P03;Algumas afecções originadas no período perinatal
P04;Algumas afecções originadas no período perinatal
P05;Algumas afecções originadas no período perinatal
P07;Algumas afecções originadas no período perinatal
P08;Algumas afecções originadas no período perinatal
P10;Algumas afecções originadas no período perinatal
P11;Algumas afecções originadas no período perinatal
P12;Algumas afecções originadas no período perinatal
P13;Algumas afecções originadas no período perinatal
P14;Algumas afecções originadas no período perinatal
P15;Algumas afecções originadas no período perinatal
P20;Algumas afecções originadas no período perinatal
P21;Algumas afecções originadas no período perinatal
P22;Algumas afecções originadas no período perinatal
P23;Algumas afecções originadas no período perinatal
P24;Algumas afecções originadas no período perinatal
P25;Algumas afecções originadas no período perinatal
P26;Algumas afecções originadas no período perinatal
P27;Algumas afecções originadas no período perinatal
P28;Algumas afecções originadas no período perinatal
P29;Algumas afecções originadas no período perinatal
P35;Algumas afecções originadas no período perinatal
P36;Algumas afecções originadas no período perinatal
P37;Algumas afecções originadas no período perinatal
P38;Algumas afecções originadas no período perinatal
P39;Algumas afecções originadas no período perinatal
P50;Algumas afecções originadas no período perinatal
P51;Algumas afecções originadas no período perinatal
P52;Algumas afecções originadas no período perinatal
P53;Algumas afecções originadas no período perinatal
P54;Algumas afecções originadas no período perinatal
P55;Algumas afecções originadas no período perinatal
P56;Algumas afecções originadas no período perinatal
P57;Algumas afecções originadas no período perinatal
P58;Algumas afecções originadas no período perinatal
P59;Algumas afecções originadas no período perinatal
P60;Algumas afecções originadas no período perinatal
P61;Algumas afecções originadas no período perinatal
P70;Algumas afecções originadas no período perinatal
P71;Algumas afecções originadas no período perinatal
P72;Algumas afecções originadas no período perinatal
P74;Algumas afecções originadas no período perinatal
P75;Algumas afecções originadas no período perinatal
P76;Algumas afecções originadas no período perinatal
P77;Algumas afecções originadas no período perinatal
P78;Algumas afecções originadas no período perinatal
P80;Algumas afecções originadas no período perinatal
P81;Algumas afecções originadas no período perinatal
P83;Algumas afecções originadas no período perinatal
P90;Algumas afecções originadas no período perinatal
P91;Algumas afecções originadas no período perinatal
P92;Algumas afecções originadas no período perinatal
P93;Algumas afecções originadas no período perinatal
P94;Algumas afecções originadas no período perinatal
P95;Algumas afecções originadas no período perinatal
P96;Algumas afecções originadas no período perinatal
Q00;Outros grupos
Q01;Outros grupos
Q02;Outros grupos
Q03;Outros grupos
Q04;Outros grupos
Q05;Outros grupos
Q06;Outros grupos
Q07;Outros grupos
Q10;Outros grupos
Q11;Outros grupos
Q12;Outros grupos
Q13;Outros grupos
Q14;Outros grupos
Q15;Outros grupos
Q16;Outros grupos
Q17;Outros grupos
Q18;Outros grupos
Q20;Outros grupos
Q21;Outros grupos
Q22;Outros grupos
Q23;Outros grupos
Q24;Outros grupos
Q25;Outros grupos
Q26;Outros grupos
Q27;Outros grupos
Q28;Outros grupos
Q30;Outros grupos
Q31;Outros grupos
Q32;Outros grupos
Q33;Outros grupos
Q34;Outros grupos
Q35;Outros grupos
Q36;Outros grupos
Q37;Outros grupos
Q38;Outros grupos
Q39;Outros grupos
Q40;Outros grupos
Q41;Outros grupos
Q42;Outros grupos
Q43;Outros grupos
Q44;Outros grupos
Q45;Outros grupos
Q50;Outros grupos
Q51;Outros grupos
Q52;Outros grupos
Q53;Outros grupos
Q54;Outros grupos
Q55;Outros grupos
Q56;Outros grupos
Q60;Outros grupos
Q61;Outros grupos
Q62;Outros grupos
Q63;Outros grupos
Q64;Outros grupos
Q65;Outros grupos
Q66;Outros grupos
Q67;Outros grupos
Q68;Outros grupos
Q69;Outros grupos
Q70;Outros grupos
Q71;Outros grupos
Q72;Outros grupos
Q73;Outros grupos
Q74;Outros grupos
Q75;Outros grupos
Q76;Outros grupos
Q77;Outros grupos
Q78;Outros grupos
Q79;Outros grupos
Q80;Outros grupos
Q81;Outros grupos
Q82;Outros grupos
Q83;Outros grupos
Q84;Outros grupos
Q85;Outros grupos
Q86;Outros grupos
Q87;Outros grupos
Q89;Outros grupos
Q90;Outros grupos
Q91;Outros grupos
Q92;Outros grupos
Q93;Outros grupos
Q95;Outros grupos
Q96;Outros grupos
Q97;Outros grupos
Q98;Outros grupos
Q99;Outros grupos
R00;Outros grupos
R01;Causas Mal Definidas
R02;Causas Mal Definidas
R03;Causas Mal Definidas
R04;Causas Mal Definidas
R05;Causas Mal Definidas
R06;Causas Mal Definidas
R07;Causas Mal Definidas
R09;Causas Mal Definidas
R10;Causas Mal Definidas
R11;Causas Mal Definidas
R12;Causas Mal Definidas
R13;Causas Mal Definidas
R14;Causas Mal Definidas
R15;Causas Mal Definidas
R16;Causas Mal Definidas
R17;Causas Mal Definidas
R18;Causas Mal Definidas
R19;Causas Mal Definidas
R20;Causas Mal Definidas
R21;Causas Mal Definidas
R22;Causas Mal Definidas
R23;Causas Mal Definidas
R25;Causas Mal Definidas
R26;Causas Mal Definidas
R27;Causas Mal Definidas
R29;Causas Mal Definidas
R30;Causas Mal Definidas
R31;Causas Mal Definidas
R32;Causas Mal Definidas
R33;Causas Mal Definidas
R34;Causas Mal Definidas
R35;Causas Mal Definidas
R36;Causas Mal Definidas
R39;Causas Mal Definidas
R40;Causas Mal Definidas
R41;Causas Mal Definidas
R42;Causas Mal Definidas
R43;Causas Mal Definidas
R44;Causas Mal Definidas
R45;Causas Mal Definidas
R46;Causas Mal Definidas
R47;Causas Mal Definidas
R48;Causas Mal Definidas
R49;Causas Mal Definidas
R50;Causas Mal Definidas
R51;Causas Mal Definidas
R52;Causas Mal Definidas
R53;Causas Mal Definidas
R54;Causas Mal Definidas
R55;Causas Mal Definidas
R56;Causas Mal Definidas
R57;Causas Mal Definidas
R58;Causas Mal Definidas
R59;Causas Mal Definidas
R60;Causas Mal Definidas
R61;Causas Mal Definidas
R62;Causas Mal Definidas
R63;Causas Mal Definidas
R64;Causas Mal Definidas
R68;Causas Mal Definidas
R69;Causas Mal Definidas
R70;Causas Mal Definidas
R71;Causas Mal Definidas
R72;Causas Mal Definidas
R73;Causas Mal Definidas
R74;Causas Mal Definidas
R75;Causas Mal Definidas
R76;Causas Mal Definidas
R77;Causas Mal Definidas
R78;Causas Mal Definidas
R79;Causas Mal Definidas
R80;Causas Mal Definidas
R81;Causas Mal Definidas
R82;Causas Mal Definidas
R83;Causas Mal Definidas
R84;Causas Mal Definidas
R85;Causas Mal Definidas
R86;Causas Mal Definidas
R87;Causas Mal Definidas
R89;Causas Mal Definidas
R90;Causas Mal Definidas
R91;Causas Mal Definidas
R92;Causas Mal Definidas
R93;Causas Mal Definidas
R94;Causas Mal Definidas
R95;Causas Mal Definidas
R96;Causas Mal Definidas
R98;Causas Mal Definidas
R99;Causas Mal Definidas
S00;Ignorado
S01;Ignorado
S02;Ignorado
S03;Ignorado
S04;Ignorado
S05;Ignorado
S06;Ignorado
S07;Ignorado
S08;Ignorado
S09;Ignorado
S10;Ignorado
S11;Ignorado
S12;Ignorado
S13;Ignorado
S14;Ignorado
S15;Ignorado
S16;Ignorado
S17;Ignorado
S18;Ignorado
S19;Ignorado
S20;Ignorado
S21;Ignorado
S22;Ignorado
S23;Ignorado
S24;Ignorado
S25;Ignorado
S26;Ignorado
S27;Ignorado
S28;Ignorado
S29;Ignorado
S30;Ignorado
S31;Ignorado
S32;Ignorado
S33;Ignorado
S34;Ignorado
S35;Ignorado
S36;Ignorado
S37;Ignorado
S38;Ignorado
S39;Ignorado
S40;Ignorado
S41;Ignorado
S42;Ignorado
S43;Ignorado
S44;Ignorado
S45;Ignorado
S46;Ignorado
S47;Ignorado
S48;Ignorado
S49;Ignorado
S50;Ignorado
S51;Ignorado
S52;Ignorado
S53;Ignorado
S54;Ignorado
S55;Ignorado
S56;Ignorado
S57;Ignorado
S58;Ignorado
S59;Ignorado
S60;Ignorado
S61;Ignorado
S62;Ignorado
S63;Ignorado
S64;Ignorado
S65;Ignorado
S66;Ignorado
S67;Ignorado
S68;Ignorado
S69;Ignorado
S70;Ignorado
S71;Ignorado
S72;Ignorado
S73;Ignorado
S74;Ignorado
S75;Ignorado
S76;Ignorado
S77;Ignorado
S78;Ignorado
S79;Ignorado
S80;Ignorado
S81;Ignorado
S82;Ignorado
S83;Ignorado
S84;Ignorado
S85;Ignorado
S86;Ignorado
S87;Ignorado
S88;Ignorado
S89;Ignorado
S90;Ignorado
S91;Ignorado
S92;Ignorado
S93;Ignorado
S94;Ignorado
S95;Ignorado
S96;Ignorado
S97;Ignorado
S98;Ignorado
S99;Ignorado
T00;Ignorado
T01;Ignorado
T02;Ignorado
T03;Ignorado
T04;Ignorado
T05;Ignorado
T06;Ignorado
T07;Ignorado
T08;Ignorado
T09;Ignorado
T10;Ignorado
T11;Ignorado
T12;Ignorado
T13;Ignorado
T14;Ignorado
T15;Ignorado
T16;Ignorado
T17;Ignorado
T18;Ignorado
T19;Ignorado
T20;Ignorado
T21;Ignorado
T22;Ignorado
T23;Ignorado
T24;Ignorado
T25;Ignorado
T26;Ignorado
T27;Ignorado
T28;Ignorado
T29;Ignorado
T30;Ignorado
T31;Ignorado
T32;Ignorado
T33;Ignorado
T34;Ignorado
T35;Ignorado
T36;Ignorado
T37;Ignorado
T38;Ignorado
T39;Ignorado
T40;Ignorado
T41;Ignorado
T42;Ignorado
T43;Ignorado
T44;Ignorado
T45;Ignorado
T46;Ignorado
T47;Ignorado
T48;Ignorado
T49;Ignorado
T50;Ignorado
T51;Ignorado
T52;Ignorado
T53;Ignorado
T54;Ignorado
T55;Ignorado
T56;Ignorado
T57;Ignorado
T58;Ignorado
T59;Ignorado
T60;Ignorado
T61;Ignorado
T62;Ignorado
T63;Ignorado
T64;Ignorado
T65;Ignorado
T66;Ignorado
T67;Ignorado
T68;Ignorado
T69;Ignorado
T70;Ignorado
T71;Ignorado
T73;Ignorado
T74;Ignorado
T75;Ignorado
T78;Ignorado
T79;Ignorado
T80;Ignorado
T81;Ignorado
T82;Ignorado
T83;Ignorado
T84;Ignorado
T85;Ignorado
T86;Ignorado
T87;Ignorado
T88;Ignorado
T90;Ignorado
T91;Ignorado
T92;Ignorado
T93;Ignorado
T94;Ignorado
T95;Ignorado
T96;Ignorado
T97;Ignorado
T98;Ignorado
V01;Causas externas
V02;Causas externas
V03;Causas externas
V04;Causas externas
V05;Causas externas
V06;Causas externas
V09;Causas externas
V10;Causas externas
V11;Causas externas
V12;Causas externas
V13;Causas externas
V14;Causas externas
V15;Causas externas
V16;Causas externas
V17;Causas externas
V18;Causas externas
V19;Causas externas
V20;Causas externas
V21;Causas externas
V22;Causas externas
V23;Causas externas
V24;Causas externas
V25;Causas externas
V26;Causas externas
V27;Causas externas
V28;Causas externas
V29;Causas externas
V30;Causas externas
V31;Causas externas
V32;Causas externas
V33;Causas externas
V34;Causas externas
V35;Causas externas
V36;Causas externas
V37;Causas externas
V38;Causas externas
V39;Causas externas
V40;Causas externas
V41;Causas externas
V42;Causas externas
V43;Causas externas
V44;Causas externas
V45;Causas externas
V46;Causas externas
V47;Causas externas
V48;Causas externas
V49;Causas externas
V50;Causas externas
V51;Causas externas
V52;Causas externas
V53;Causas externas
V54;Causas externas
V55;Causas externas
V56;Causas externas
V57;Causas externas
V58;Causas externas
V59;Causas externas
V60;Causas externas
V61;Causas externas
V62;Causas externas
V63;Causas externas
V64;Causas externas
V65;Causas externas
V66;Causas externas
V67;Causas externas
V68;Causas externas
V69;Causas externas
V70;Causas externas
V71;Causas externas
V72;Causas externas
V73;Causas externas
V74;Causas externas
V75;Causas externas
V76;Causas externas
V77;Causas externas
V78;Causas externas
V79;Causas externas
V80;Causas externas
V81;Causas externas
V82;Causas externas
V83;Causas externas
V84;Causas externas
V85;Causas externas
V86;Causas externas
V87;Causas externas
V88;Causas externas
V89;Causas externas
V90;Causas externas
V91;Causas externas
V92;Causas externas
V93;Causas externas
V94;Causas externas
V95;Causas externas
V96;Causas externas
V97;Causas externas
V98;Causas externas
V99;Causas externas
W00;Causas externas
W01;Causas externas
W02;Causas externas
W03;Causas externas
W04;Causas externas
W05;Causas externas
W06;Causas externas
W07;Causas externas
W08;Causas externas
W09;Causas externas
W10;Causas externas
W11;Causas externas
W12;Causas externas
W13;Causas externas
W14;Causas externas
W15;Causas externas
W16;Causas externas
W17;Causas externas
W18;Causas externas
W19;Causas externas
W20;Causas externas
W21;Causas externas
W22;Causas externas
W23;Causas externas
W24;Causas externas
W25;Causas externas
W26;Causas externas
W27;Causas externas
W28;Causas externas
W29;Causas externas
W30;Causas externas
W31;Causas externas
W32;Causas externas
W33;Causas externas
W34;Causas externas
W35;Causas externas
W36;Causas externas
W37;Causas externas
W38;Causas externas
W39;Causas externas
W40;Causas externas
W41;Causas externas
W42;Causas externas
W43;Causas externas
W44;Causas externas
W45;Causas externas
W46;Causas externas
W49;Causas externas
W50;Causas externas
W51;Causas externas
W52;Causas externas
W53;Causas externas
W54;Causas externas
W55;Causas externas
W56;Causas externas
W57;Causas externas
W58;Causas externas
W59;Causas externas
W60;Causas externas
W64;Causas externas
W65;Causas externas
W66;Causas externas
W67;Causas externas
W68;Causas externas
W69;Causas externas
W70;Causas externas
W73;Causas externas
W74;Causas externas
W75;Causas externas
W76;Causas externas
W77;Causas externas
W78;Causas externas
W79;Causas externas
W80;Causas externas
W81;Causas externas
W83;Causas externas
W84;Causas externas
W85;Causas externas
W86;Causas externas
W87;Causas externas
W88;Causas externas
W89;Causas externas
W90;Causas externas
W91;Causas externas
W92;Causas externas
W93;Causas externas
W94;Causas externas
W99;Causas externas
X00;Causas externas
X01;Causas externas
X02;Causas externas
X03;Causas externas
X04;Causas externas
X05;Causas externas
X06;Causas externas
X08;Causas externas
X09;Causas externas
X10;Causas externas
X11;Causas externas
X12;Causas externas
X13;Causas externas
X14;Causas externas
X15;Causas externas
X16;Causas externas
X17;Causas externas
X18;Causas externas
X19;Causas externas
X20;Causas externas
X21;Causas externas
X22;Causas externas
X23;Causas externas
X24;Causas externas
X25;Causas externas
X26;Causas externas
X27;Causas externas
X28;Causas externas
X29;Causas externas
X30;Causas externas
X31;Causas externas
X32;Causas externas
X33;Causas externas
X34;Causas externas
X35;Causas externas
X36;Causas externas
X37;Causas externas
X38;Causas externas
X39;Causas externas
X40;Causas externas
X41;Causas externas
X42;Causas externas
X43;Causas externas
X44;Causas externas
X45;Causas externas
X46;Causas externas
X47;Causas externas
X48;Causas externas
X49;Causas externas
X50;Causas externas
X51;Causas externas
X52;Causas externas
X53;Causas externas
X54;Causas externas
X57;Causas externas
X58;Causas externas
X59;Causas externas
X60;Causas externas
X61;Causas externas
X62;Causas externas
X63;Causas externas
X64;Causas externas
X65;Causas externas
X66;Causas externas
X67;Causas externas
X68;Causas externas
X69;Causas externas
X70;Causas externas
X71;Causas externas
X72;Causas externas
X73;Causas externas
X74;Causas externas
X75;Causas externas
X76;Causas externas
X77;Causas externas
X78;Causas externas
X79;Causas externas
X80;Causas externas
X81;Causas externas
X82;Causas externas
X83;Causas externas
X84;Causas externas
X85;Causas externas
X86;Causas externas
X87;Causas externas
X88;Causas externas
X89;Causas externas
X90;Causas externas
X91;Causas externas
X92;Causas externas
X93;Causas externas
X94;Causas externas
X95;Causas externas
X96;Causas externas
X97;Causas externas
X98;Causas externas
X99;Causas externas
Y00;Causas externas
Y01;Causas externas
Y02;Causas externas
Y03;Causas externas
Y04;Causas externas
Y05;Causas externas
Y06;Causas externas
Y07;Causas externas
Y08;Causas externas
Y09;Causas externas
Y10;Causas externas
Y11;Causas externas
Y12;Causas externas
Y13;Causas externas
Y14;Causas externas
Y15;Causas externas
Y16;Causas externas
Y17;Causas externas
Y18;Causas externas
Y19;Causas externas
Y20;Causas externas
Y21;Causas externas
Y22;Causas externas
Y23;Causas externas
Y24;Causas externas
Y25;Causas externas
Y26;Causas externas
Y27;Causas externas
Y28;Causas externas
Y29;Causas externas
Y30;Causas externas
Y31;Causas externas
Y32;Causas externas
Y33;Causas externas
Y34;Causas externas
Y35;Causas externas
Y36;Causas externas
Y40;Causas externas
Y41;Causas externas
Y42;Causas externas
Y43;Causas externas
Y44;Causas externas
Y45;Causas externas
Y46;Causas externas
Y47;Causas externas
Y48;Causas externas
Y49;Causas externas
Y50;Causas externas
Y51;Causas externas
Y52;Causas externas
Y53;Causas externas
Y54;Causas externas
Y55;Causas externas
Y56;Causas externas
Y57;Causas externas
Y58;Causas externas
Y59;Causas externas
Y60;Causas externas
Y61;Causas externas
Y62;Causas externas
Y63;Causas externas
Y64;Causas externas
Y65;Causas externas
Y66;Causas externas
Y69;Causas externas
Y70;Causas externas
Y71;Causas externas
Y72;Causas externas
Y73;Causas externas
Y74;Causas externas
Y75;Causas externas
Y76;Causas externas
Y77;Causas externas
Y78;Causas externas
Y79;Causas externas
Y80;Causas externas
Y81;Causas externas
Y82;Causas externas
Y83;Causas externas
Y84;Causas externas
Y85;Causas externas
Y86;Causas externas
Y87;Causas externas
Y88;Causas externas
Y89;Causas externas
Y90;Causas externas
Y91;Causas externas
Y95;Causas externas
Y96;Causas externas
Y97;Causas externas
Y98;Causas externas
Z00;Ignorado
Z01;Ignorado
Z02;Ignorado
Z03;Ignorado
Z04;Ignorado
Z08;Ignorado
Z09;Ignorado
Z10;Ignorado
Z11;Ignorado
Z12;Ignorado
Z13;Ignorado
Z20;Ignorado
Z21;Ignorado
Z22;Ignorado
Z23;Ignorado
Z24;Ignorado
Z25;Ignorado
Z26;Ignorado
Z27;Ignorado
Z28;Ignorado
Z29;Ignorado
Z30;Ignorado
Z31;Ignorado
Z32;Ignorado
Z33;Ignorado
Z34;Ignorado
Z35;Ignorado
Z36;Ignorado
Z37;Ignorado
Z38;Ignorado
Z39;Ignorado
Z40;Ignorado
Z41;Ignorado
Z42;Ignorado
Z43;Ignorado
Z44;Ignorado
Z45;Ignorado
Z46;Ignorado
Z47;Ignorado
Z48;Ignorado
Z49;Ignorado
Z50;Ignorado
Z51;Ignorado
Z52;Ignorado
Z53;Ignorado
Z54;Ignorado
Z55;Ignorado
Z56;Ignorado
Z57;Ignorado
Z58;Ignorado
Z59;Ignorado
Z60;Ignorado
Z61;Ignorado
Z62;Ignorado
Z63;Ignorado
Z64;Ignorado
Z65;Ignorado
Z70;Ignorado
Z71;Ignorado
Z72;Ignorado
Z73;Ignorado
Z74;Ignorado
Z75;Ignorado
Z76;Ignorado
Z80;Ignorado
Z81;Ignorado
Z82;Ignorado
Z83;Ignorado
Z84;Ignorado
Z85;Ignorado
Z86;Ignorado
Z87;Ignorado
Z88;Ignorado
Z89;Ignorado
Z90;Ignorado
Z91;Ignorado
Z92;Ignorado
Z93;Ignorado
Z94;Ignorado
Z95;Ignorado
Z96;Ignorado
Z97;Ignorado
Z98;Ignorado
Z99;Ignorado
U04;Outros grupos
U80;Outros grupos
U81;Outros grupos
U88;Outros grupos
U89;Outros grupos
U99;Outros grupos
